rank,code,name,price,change_pct,source,collect_time
1,600967.SH,内蒙一机,13.41,10.01,东方财富,2026-09-02 18:49:38
2,600869.SH,远东股份,19.5,9.98,东方财富,2026-09-02 18:49:38
3,601606.SH,长城军工,36.62,10.0,东方财富,2026-09-02 18:49:38
5,603618.SH,杭电股份,37.22,9.99,东方财富,2026-09-02 18:49:38
6,002639.SZ,雪人集团,13.27,10.03,东方财富,2026-09-02 18:49:38
7,002297.SZ,博云新材,20.0,10.01,东方财富,2026-09-02 18:49:38
8,600722.SH,金牛化工,19.26,6.64,东方财富,2026-09-02 18:49:38
9,002104.SZ,恒宝股份,13.51,10.02,东方财富,2026-09-02 18:49:38
10,003040.SZ,楚天龙,21.12,7.87,东方财富,2026-09-02 18:49:38
11,601086.SH,国芳集团,11.1,10.01,东方财富,2026-09-02 18:49:38
12,002886.SZ,沃特股份,30.84,9.99,东方财富,2026-09-02 18:49:38
13,002536.SZ,飞龙股份,58.07,10.0,东方财富,2026-09-02 18:49:38
14,600589.SH,大位科技,8.68,10.01,东方财富,2026-09-02 18:49:38
15,600127.SH,金健米业,12.4,-6.34,东方财富,2026-09-02 18:49:38
16,002265.SZ,建设工业,21.44,10.01,东方财富,2026-09-02 18:49:38
17,002274.SZ,华昌化工,7.12,10.05,东方财富,2026-09-02 18:49:38
18,002201.SZ,九鼎新材,9.22,10.02,东方财富,2026-09-02 18:49:38
19,003005.SZ,竞业达,20.0,10.01,东方财富,2026-09-02 18:49:38
20,605006.SH,山东玻纤,15.96,9.99,东方财富,2026-09-02 18:49:38
21,002300.SZ,太阳电缆,7.63,9.94,东方财富,2026-09-02 18:49:38
22,002059.SZ,云南旅游,5.25,10.06,东方财富,2026-09-02 18:49:38
23,002909.SZ,集泰股份,7.28,9.97,东方财富,2026-09-02 18:49:38
24,605577.SH,龙版传媒,12.85,10.02,东方财富,2026-09-02 18:49:38
25,601566.SH,九牧王,10.36,9.98,东方财富,2026-09-02 18:49:38
26,600540.SH,新赛股份,6.73,9.97,东方财富,2026-09-02 18:49:38
27,002632.SZ,道明光学,9.88,10.02,东方财富,2026-09-02 18:49:38
28,603778.SH,国晟科技,10.75,10.03,东方财富,2026-09-02 18:49:38
29,600828.SH,茂业商业,4.81,10.07,东方财富,2026-09-02 18:49:38
30,603221.SH,爱丽家居,33.37,9.23,东方财富,2026-09-02 18:49:38
31,603207.SH,小方制药,27.94,10.0,东方财富,2026-09-02 18:49:38
32,000892.SZ,欢瑞世纪,5.2,9.94,东方财富,2026-09-02 18:49:38
33,600903.SH,贵州燃气,7.07,9.95,东方财富,2026-09-02 18:49:38
34,002708.SZ,光洋股份,14.16,10.02,东方财富,2026-09-02 18:49:38
35,002893.SZ,京能热力,11.17,10.05,东方财富,2026-09-02 18:49:38
36,600892.SH,大晟文化,5.35,10.08,东方财富,2026-09-02 18:49:38
37,003039.SZ,顺控发展,13.77,9.98,东方财富,2026-09-02 18:49:38
38,603958.SH,哈森股份,23.85,10.01,东方财富,2026-09-02 18:49:38
39,603978.SH,深圳新星,22.61,10.02,东方财富,2026-09-02 18:49:38
40,002999.SZ,天禾股份,7.33,10.06,东方财富,2026-09-02 18:49:38
41,600830.SH,香溢融通,10.15,9.97,东方财富,2026-09-02 18:49:38
42,603270.SH,金帝股份,31.77,10.01,东方财富,2026-09-02 18:49:38
43,600176.SH,中国巨石,44.13,2.58,东方财富,2026-09-02 18:49:38
44,000852.SZ,石化机械,6.06,9.98,东方财富,2026-09-02 18:49:38
45,600657.SH,信达地产,3.05,10.11,东方财富,2026-09-02 18:49:38
46,000560.SZ,我爱我家,3.18,-0.31,东方财富,2026-09-02 18:49:38
47,000017.SZ,深中华A,11.75,0.0,东方财富,2026-09-02 18:49:38
48,000635.SZ,英 力 特,7.94,9.97,东方财富,2026-09-02 18:49:38
50,002855.SZ,捷荣技术,19.01,7.34,东方财富,2026-09-02 18:49:38
51,600371.SH,万向德农,14.42,3.3,东方财富,2026-09-02 18:49:38
52,000628.SZ,高新发展,54.79,10.0,东方财富,2026-09-02 18:49:38
53,605118.SH,力鼎光电,34.44,10.0,东方财富,2026-09-02 18:49:38
54,603216.SH,梦天家居,24.09,10.0,东方财富,2026-09-02 18:49:38
55,603530.SH,神马电力,50.39,10.0,东方财富,2026-09-02 18:49:38
56,000519.SZ,中兵红箭,15.62,6.69,东方财富,2026-09-02 18:49:38
57,002418.SZ,康盛股份,5.81,2.29,东方财富,2026-09-02 18:49:38
59,001278.SZ,一彬科技,18.22,10.02,东方财富,2026-09-02 18:49:38
60,001366.SZ,播恩集团,14.5,10.02,东方财富,2026-09-02 18:49:38
61,600487.SH,亨通光电,66.9,-0.65,东方财富,2026-09-02 18:49:38
63,600103.SH,青山纸业,3.93,-6.21,东方财富,2026-09-02 18:49:38
64,603375.SH,盛景微,43.33,10.0,东方财富,2026-09-02 18:49:38
65,603701.SH,德宏股份,21.23,10.0,东方财富,2026-09-02 18:49:38
66,600378.SH,昊华科技,50.44,3.23,东方财富,2026-09-02 18:49:38
68,002396.SZ,星网锐捷,39.83,0.2,东方财富,2026-09-02 18:49:38
69,002437.SZ,誉衡药业,4.53,4.14,东方财富,2026-09-02 18:49:38
70,603665.SH,康隆达,22.56,10.0,东方财富,2026-09-02 18:49:38
71,603269.SH,海鸥股份,27.41,8.17,东方财富,2026-09-02 18:49:38
72,002084.SZ,海鸥住工,7.12,1.42,东方财富,2026-09-02 18:49:38
73,600121.SH,郑州煤电,5.3,-1.85,东方财富,2026-09-02 18:49:38
74,600172.SH,黄河旋风,14.75,0.75,东方财富,2026-09-02 18:49:38
75,002328.SZ,新朋股份,9.18,3.61,东方财富,2026-09-02 18:49:38
76,600183.SH,生益科技,144.98,0.39,东方财富,2026-09-02 18:49:38
77,600613.SH,神奇制药,10.04,-10.04,东方财富,2026-09-02 18:49:38
78,605179.SH,一鸣食品,31.2,-10.01,东方财富,2026-09-02 18:49:38
79,002354.SZ,天娱数科,8.01,-4.19,东方财富,2026-09-02 18:49:38
80,600664.SH,哈药股份,9.24,-2.63,东方财富,2026-09-02 18:49:38
81,000977.SZ,浪潮信息,85.69,0.11,东方财富,2026-09-02 18:49:38
82,002081.SZ,金 螳 螂,5.34,-6.15,东方财富,2026-09-02 18:49:38
83,001326.SZ,联域股份,73.4,10.0,东方财富,2026-09-02 18:49:38
84,002131.SZ,利欧股份,4.79,-6.08,东方财富,2026-09-02 18:49:38
85,600519.SH,贵州茅台,1297.5,-0.16,东方财富,2026-09-02 18:49:38
86,000506.SZ,招金黄金,21.08,5.03,东方财富,2026-09-02 18:49:38
88,001696.SZ,宗申动力,16.2,5.19,东方财富,2026-09-02 18:49:38
89,600227.SH,赤天化,4.91,-5.03,东方财富,2026-09-02 18:49:38
90,600186.SH,莲花控股,11.86,1.98,东方财富,2026-09-02 18:49:38
91,603890.SH,春秋电子,19.62,5.09,东方财富,2026-09-02 18:49:38
92,002491.SZ,通鼎互联,21.46,1.47,东方财富,2026-09-02 18:49:38
93,600721.SH,百花医药,12.86,-2.5,东方财富,2026-09-02 18:49:38
94,002361.SZ,神剑股份,11.04,3.95,东方财富,2026-09-02 18:49:38
96,000938.SZ,紫光股份,37.99,-0.86,东方财富,2026-09-02 18:49:38
97,002015.SZ,协鑫能科,17.05,-2.12,东方财富,2026-09-02 18:49:38
98,601123.SH,C马矿,20.02,-23.0,东方财富,2026-09-02 18:49:38
99,000725.SZ,京东方Ａ,5.79,-2.03,东方财富,2026-09-02 18:49:38
